name,match_type
労働局,exact
都道府県労働局,exact
三重労働局,exact
京都労働局,exact
佐賀労働局,exact
兵庫労働局,exact
北海道労働局,exact
千葉労働局,exact
厚生労働省沖縄労働局,exact
和歌山労働局,exact
埼玉労働局,exact
大分労働局,exact
大阪労働局,exact
奈良労働局,exact
宮城労働局,exact
宮崎労働局,exact
富山労働局,exact
山口労働局,exact
山形労働局,exact
山梨労働局,exact
岐阜労働局,exact
岡山労働局,exact
岩手労働局,exact
島根労働局,exact
広島労働局,exact
徳島労働局,exact
愛媛労働局,exact
愛知労働局,exact
新潟労働局,exact
東京労働局,exact
栃木労働局,exact
沖縄労働局,exact
滋賀労働局,exact
熊本労働局,exact
石川労働局,exact
神奈川労働局,exact
福井労働局,exact
福岡労働局,exact
福島労働局,exact
秋田労働局,exact
群馬労働局,exact
茨城労働局,exact
長崎労働局,exact
長野労働局,exact
青森労働局,exact
静岡労働局,exact
香川労働局,exact
高知労働局,exact
鳥取労働局,exact
鹿児島労働局,exact
